[
    { "code": "NDLS", "name": "New Delhi", "location": "Delhi" },
    { "code": "BCT", "name": "Mumbai Central", "location": "Mumbai" },
    { "code": "HWH", "name": "Howrah Jn", "location": "Kolkata" },
    { "code": "MAS", "name": "MGR Chennai Central", "location": "Chennai" },
    { "code": "SBC", "name": "KSR Bengaluru", "location": "Bangalore" },
    { "code": "JP", "name": "Jaipur Jn", "location": "Jaipur" },
    { "code": "ADI", "name": "Ahmedabad Jn", "location": "Ahmedabad" },
    { "code": "LKO", "name": "Lucknow Charbagh", "location": "Lucknow" },
    { "code": "CNB", "name": "Kanpur Central", "location": "Kanpur" },
    { "code": "AGC", "name": "Agra Cantt", "location": "Agra" },
    { "code": "BSB", "name": "Varanasi Jn", "location": "Varanasi" },
    { "code": "PNBE", "name": "Patna Jn", "location": "Patna" },
    { "code": "PUNE", "name": "Pune Jn", "location": "Pune" },
    { "code": "SC", "name": "Secunderabad Jn", "location": "Hyderabad" },
    { "code": "MMCT", "name": "Mumbai Central", "location": "Mumbai" },
    { "code": "INDB", "name": "Indore Jn", "location": "Indore" },
    { "code": "DD", "name": "Daund Jn", "location": "Daund" },
    { "code": "CDG", "name": "Chandigarh", "location": "Chandigarh" },
    { "code": "BPL", "name": "Bhopal Jn", "location": "Bhopal" },
    { "code": "GHY", "name": "Guwahati", "location": "Guwahati" },
    { "code": "BBS", "name": "Bhubaneswar", "location": "Bhubaneswar" },
    { "code": "TVC", "name": "Thiruvananthapuram", "location": "Trivandrum" },
    { "code": "MAO", "name": "Madgaon", "location": "Goa" },
    { "code": "NGP", "name": "Nagpur", "location": "Nagpur" },
    { "code": "ASR", "name": "Amritsar Jn", "location": "Amritsar" },
    { "code": "GWL", "name": "Gwalior Jn", "location": "Gwalior" },
    { "code": "VGLJ", "name": "Jhansi Jn", "location": "Jhansi" },
    { "code": "KOTA", "name": "Kota Jn", "location": "Kota" },
    { "code": "JU", "name": "Jodhpur Jn", "location": "Jodhpur" },
    { "code": "UDZ", "name": "Udaipur City", "location": "Udaipur" },
    { "code": "AII", "name": "Ajmer Jn", "location": "Ajmer" },
    { "code": "GKP", "name": "Gorakhpur Jn", "location": "Gorakhpur" },
    { "code": "PRYJ", "name": "Prayagraj Jn", "location": "Allahabad" },
    { "code": "GAYA", "name": "Gaya Jn", "location": "Gaya" },
    { "code": "RNC", "name": "Ranchi Jn", "location": "Ranchi" },
    { "code": "R", "name": "Raipur Jn", "location": "Raipur" },
    { "code": "VSKP", "name": "Vishakhapatnam", "location": "Vizag" },
    { "code": "BZA", "name": "Vijayawada Jn", "location": "Vijayawada" },
    { "code": "MAQ", "name": "Mangalore Central", "location": "Mangalore" },
    { "code": "MYS", "name": "Mysore Jn", "location": "Mysore" },
    { "code": "CBE", "name": "Coimbatore Jn", "location": "Coimbatore" },
    { "code": "MDU", "name": "Madurai Jn", "location": "Madurai" },
    { "code": "ST", "name": "Surat", "location": "Surat" },
    { "code": "BRC", "name": "Vadodara Jn", "location": "Vadodara" },
    { "code": "RJT", "name": "Rajkot Jn", "location": "Rajkot" },
    { "code": "JAT", "name": "Jammu Tawi", "location": "Jammu" },
    { "code": "HW", "name": "Haridwar", "location": "Haridwar" },
    { "code": "DDN", "name": "Dehradun", "location": "Dehradun" }
]
